burst_id,size,proximity_ratio
0,30,0.28
1,31,0.3122
2,32,0.3293
3,33,0.3232
4,34,0.2967
5,35,0.2625
6,36,0.2364
7,37,0.2309
8,38,0.2484
9,39,0.2808
10,40,0.3128
11,41,0.3294
12,42,0.3227
13,43,0.296
14,44,0.2617
15,45,0.236
16,46,0.231
17,47,0.2491
18,48,0.2817
19,49,0.3135
20,30,0.3295
21,31,0.3223
22,32,0.2952
23,33,0.2609
24,34,0.7025
25,35,0.6764
26,36,0.6709
27,37,0.6884
28,38,0.7208
29,39,0.7528
30,40,0.7694
31,41,0.7627
32,42,0.736
33,43,0.7017
34,44,0.676
35,45,0.671
36,46,0.6891
37,47,0.7217
38,48,0.7535
39,49,0.7695
40,30,0.7623
41,31,0.7352
42,32,0.7009
43,33,0.6756
44,34,0.6712
45,35,0.6898
46,36,0.7225
47,37,0.7541
48,38,0.7696
49,39,0.7618
